X,Y,month,day,FFMC,DMC,DC,ISI,temp,RH,wind,rain,area
8,5,jul,fri,95.6,90.9,590.1,8.4,22.1,36.5,9.3,0.0,0.0
9,1,aug,thu,91.5,115.1,422.8,15.5,24.7,10.0,5.1,0.0,5.47
5,9,oct,sun,96.5,109.7,278.5,8.7,15.2,42.3,2.0,0.0,0.0
2,2,may,sun,92.4,159.7,431.6,12.6,7.2,58.8,2.9,0.0,16.94
9,1,aug,fri,88.2,147.9,681.3,13.1,26.8,30.9,0.7,0.0,21.44
2,1,oct,thu,93.3,93.9,300.5,7.9,19.1,44.0,2.4,0.0,7.19
7,9,aug,sun,91.3,173.8,669.7,11.9,23.9,40.0,0.9,0.0,0.0
7,3,may,fri,95.9,85.3,362.9,9.7,11.9,55.9,7.3,0.0,0.0
9,4,may,sat,80.2,52.8,301.9,6.2,10.3,33.0,3.7,0.0,1.94
4,7,feb,tue,82.4,70.1,407.3,6.1,11.7,22.9,3.3,1.4,0.0
6,7,apr,thu,81.5,92.6,637.9,4.3,21.5,61.3,5.8,0.0,0.0
4,3,aug,wed,92.1,138.5,749.9,11.2,24.2,48.3,5.2,0.0,9.75
3,7,may,sun,96.5,36.8,542.9,11.6,22.2,56.2,8.2,0.0,11.3
1,8,sep,thu,85.8,77.2,204.5,7.8,20.2,48.1,7.1,0.0,0.77
5,4,jan,sat,93.0,30.4,436.4,7.8,21.2,40.6,1.4,0.0,0.0
2,5,oct,wed,82.6,114.3,430.0,7.7,18.5,87.7,3.6,0.0,0.0
5,6,nov,fri,91.0,42.2,288.4,9.0,13.9,62.8,2.3,0.0,2.72
6,7,mar,sun,93.5,106.6,209.7,4.4,16.2,50.9,1.2,0.0,6.41
7,9,oct,fri,84.2,87.1,375.9,13.8,12.3,54.1,2.9,0.0,0.0
6,6,apr,sat,94.3,70.5,330.1,3.4,12.4,55.3,0.5,0.0,0.48
3,1,apr,tue,92.0,128.4,293.7,2.6,9.2,20.1,1.6,0.0,0.0
5,1,may,fri,95.3,58.8,453.3,10.0,15.3,80.2,6.8,0.0,0.0
7,4,mar,fri,78.4,76.8,656.8,8.5,14.5,31.3,9.6,0.7,0.0
2,1,mar,sun,80.8,81.1,432.7,8.7,20.3,55.2,6.3,0.0,7.52
2,3,aug,wed,96.5,119.1,394.0,7.9,19.3,51.8,1.2,0.0,0.21
9,4,jul,fri,80.3,68.4,444.7,13.2,29.9,48.3,1.8,0.0,12.31
7,9,jul,fri,96.5,116.8,510.1,9.1,20.1,19.9,2.6,0.0,0.0
3,9,mar,fri,96.5,87.1,385.8,7.5,25.9,28.4,4.1,0.0,3.61
2,2,may,mon,95.8,18.9,588.4,6.8,22.8,41.2,1.9,0.0,0.0
8,9,feb,thu,81.3,68.6,42.3,10.3,14.5,64.3,7.2,0.0,9.05
5,6,aug,sun,87.2,163.1,515.8,10.6,31.2,19.0,1.8,0.0,0.0
4,8,jul,tue,79.5,115.9,593.6,12.7,20.2,55.5,0.5,0.0,0.0
6,2,oct,fri,94.6,81.8,608.3,6.2,26.7,20.7,3.7,0.0,6.17
3,1,feb,mon,95.9,88.0,272.7,10.9,21.7,56.8,11.1,0.0,0.0
3,4,may,mon,95.3,126.5,413.9,11.2,20.6,31.5,0.7,0.0,5.83
1,7,oct,mon,94.7,32.2,283.0,2.0,18.6,56.3,8.3,0.0,1.1
7,3,aug,sun,92.1,123.8,542.2,7.6,31.8,44.7,7.5,0.0,2.8
7,6,aug,sun,93.3,152.2,609.1,12.1,24.0,21.4,5.0,0.0,0.0
6,5,sep,tue,89.9,91.2,517.2,16.1,32.9,74.1,5.8,0.0,0.0
1,4,apr,fri,85.3,5.9,193.2,11.4,14.8,59.2,5.7,0.0,0.0
8,3,sep,sat,96.5,61.8,574.4,7.9,27.4,43.0,19.3,0.0,0.0
6,9,jun,sun,83.8,89.9,734.9,11.5,12.4,48.3,6.3,0.0,3.17
5,6,apr,mon,77.2,68.8,101.6,9.6,16.9,62.6,3.3,0.0,0.0
8,6,dec,sat,91.9,47.1,282.3,3.8,15.2,59.6,3.9,0.0,0.0
1,6,aug,mon,83.3,101.9,691.2,14.3,21.3,39.0,16.9,0.0,4.24
1,5,jul,sat,91.5,100.3,665.1,10.5,27.1,45.6,2.0,0.0,0.0
3,5,sep,sat,93.1,95.0,778.8,11.8,21.6,28.1,5.6,0.0,6.13
9,1,jul,mon,85.7,113.6,544.8,11.5,24.7,36.4,5.9,0.0,0.0
1,4,apr,sun,91.3,73.4,595.9,6.0,18.1,73.7,6.5,0.0,0.0
8,4,jul,fri,96.5,134.2,691.3,12.8,24.6,59.3,2.3,0.0,0.0
4,8,jun,fri,88.7,163.4,465.5,8.8,10.6,67.4,5.3,0.0,10.8
1,9,sep,tue,85.7,106.2,556.7,13.4,28.1,62.2,2.2,0.0,3.23
4,9,feb,mon,90.1,24.9,318.7,3.5,18.8,16.9,2.8,0.0,0.0
5,8,aug,sat,93.5,75.5,595.6,12.3,26.3,50.6,1.8,0.0,13.14
7,1,aug,mon,91.0,77.0,775.8,11.9,22.6,10.8,8.2,0.0,0.0
2,6,sep,tue,93.4,102.4,532.0,11.7,30.3,10.0,1.0,0.0,0.0
1,7,aug,thu,95.0,68.7,721.2,13.9,25.7,50.4,0.7,0.0,9.3
8,4,sep,sat,95.8,124.0,714.1,13.0,25.4,12.9,1.5,0.0,9.33
2,3,jul,sun,96.5,111.3,513.4,8.1,15.5,49.1,1.0,0.0,3.67
2,3,oct,mon,92.0,49.0,299.7,7.4,20.2,72.2,3.6,0.0,3.64
2,5,aug,sat,88.9,93.0,490.8,8.3,27.0,55.4,3.0,0.0,3.79
5,2,aug,mon,89.3,77.8,489.2,6.9,31.2,42.8,1.8,0.0,2.2
7,8,aug,tue,83.9,69.3,718.5,9.9,27.5,37.7,5.2,0.0,0.0
8,9,sep,mon,95.4,62.9,462.7,9.4,25.7,48.9,2.1,0.0,0.85
1,8,nov,sun,91.9,78.0,438.1,6.0,18.0,71.0,5.9,0.0,0.15
7,5,aug,mon,91.8,115.4,762.8,9.9,27.6,10.0,2.7,0.0,0.52
7,1,jul,wed,96.5,42.6,370.9,13.8,16.9,61.2,1.6,0.0,0.0
2,1,aug,fri,96.5,121.4,746.8,8.9,28.6,39.0,6.2,3.1,0.0
8,9,jul,mon,87.9,64.7,414.8,6.7,21.0,61.8,9.3,0.0,0.0
9,1,jan,sat,89.7,24.0,449.8,7.5,10.7,37.4,2.7,0.0,5.78
6,5,feb,thu,89.4,145.1,406.4,1.7,13.9,44.1,4.7,0.0,0.0
8,3,aug,mon,96.5,173.9,526.5,9.8,27.9,26.7,5.2,0.0,25.93
8,9,oct,mon,80.8,59.8,424.0,10.2,14.0,48.2,0.6,0.0,0.0
3,3,oct,fri,89.8,94.2,537.0,9.3,12.9,66.5,1.2,0.0,5.3
5,4,sep,mon,92.5,121.1,502.8,10.3,31.4,48.1,2.9,0.0,0.0
1,9,jun,sat,87.2,96.6,479.9,13.2,25.9,24.6,5.7,0.0,3.16
5,6,aug,sat,90.6,65.7,715.8,9.6,27.9,41.1,2.9,0.0,25.36
3,4,dec,thu,77.6,4.0,402.8,5.3,15.1,75.1,3.2,0.0,0.42
4,6,mar,sat,96.3,103.3,478.2,8.3,17.9,53.6,2.5,0.0,4.32
8,9,jul,wed,94.9,144.9,548.6,11.9,21.8,45.1,4.7,0.0,4.58
4,4,apr,mon,81.0,83.9,370.1,6.9,8.3,54.7,4.6,0.0,1.57
9,1,dec,sat,84.4,71.4,173.3,6.6,8.6,65.8,6.0,0.0,0.0
1,2,sep,tue,93.8,114.0,754.2,14.3,29.6,39.7,1.2,0.0,3.08
4,7,nov,tue,89.1,120.6,294.8,12.0,17.8,81.3,8.2,0.3,0.0
7,4,aug,wed,96.0,60.1,498.8,11.0,32.4,43.6,4.4,0.3,0.0
1,7,may,sat,92.9,33.1,640.2,7.4,22.5,46.7,6.4,0.0,12.21
3,3,jul,tue,88.1,123.7,467.8,13.9,32.2,26.7,0.9,0.0,8.57
7,5,jul,tue,88.8,139.5,316.2,8.7,23.1,57.6,4.9,0.0,1.5
1,8,aug,sun,92.1,149.9,529.0,5.1,21.4,10.7,9.1,0.0,1.16
1,9,jul,wed,96.5,135.9,553.7,9.0,21.5,34.8,2.6,0.0,0.0
5,4,feb,sun,96.5,93.2,292.3,0.0,13.5,53.9,2.2,0.0,0.05
9,7,jun,fri,88.2,61.8,527.3,9.3,24.5,10.0,12.2,0.6,0.0
2,1,oct,sat,85.6,87.0,448.7,9.4,15.0,46.2,11.6,0.0,1.1
5,9,aug,fri,95.0,168.4,654.4,10.3,28.5,23.7,3.2,0.0,0.0
2,2,aug,sat,96.5,80.0,733.1,6.6,31.8,29.5,5.7,0.0,6.36
9,1,jul,fri,96.5,134.5,486.0,2.3,20.1,20.2,9.6,0.0,0.0
5,2,jul,thu,96.5,114.8,546.5,15.2,34.7,15.5,3.8,0.0,5.51
9,4,oct,fri,82.6,114.1,350.9,2.3,17.3,55.0,3.2,0.0,4.41
9,7,jun,thu,90.0,61.9,617.7,8.3,21.5,30.5,5.0,0.0,0.28
7,6,aug,wed,89.0,82.7,516.9,8.8,27.2,35.6,1.8,0.0,3.68
3,4,aug,tue,92.5,152.8,442.6,11.4,31.5,31.3,1.2,0.0,0.0
9,9,may,sun,83.0,109.3,532.5,8.6,18.6,48.3,4.5,0.0,1.7
1,4,mar,fri,87.2,51.9,403.1,2.6,13.1,41.3,1.3,0.0,3.84
3,6,aug,fri,96.5,90.3,675.5,8.3,30.5,64.2,2.7,0.0,0.0
8,4,sep,mon,87.1,133.7,472.2,11.0,24.9,10.0,2.2,0.0,0.0
5,6,sep,mon,82.4,149.3,554.7,10.7,23.0,32.2,1.1,0.0,1.31
6,5,sep,sun,96.5,142.5,762.9,10.9,24.0,38.7,0.2,0.0,0.0
9,5,may,sat,96.5,64.5,511.8,5.3,20.6,50.1,1.8,0.0,0.0
4,4,aug,sun,96.5,156.6,574.4,15.5,28.8,20.9,3.0,0.0,0.0
8,9,dec,fri,83.0,31.8,425.1,4.6,8.3,47.8,1.7,0.0,0.0
7,2,aug,sat,96.2,142.8,530.8,3.2,23.5,14.5,2.8,0.0,0.0
7,8,jun,tue,92.5,125.9,431.0,8.4,12.1,47.8,3.3,0.0,0.0
2,8,jun,thu,90.7,68.1,426.3,7.4,14.8,51.6,7.5,0.0,1.17
7,2,sep,thu,90.1,91.9,540.9,13.4,19.8,10.0,4.4,0.0,0.0
5,8,feb,thu,80.1,86.1,492.3,9.0,17.4,31.5,1.4,0.0,0.0
1,8,jan,thu,83.3,89.3,497.0,5.1,17.5,71.3,1.0,0.0,5.5
6,5,jun,tue,84.0,96.1,553.2,2.1,19.7,45.6,6.0,0.0,0.0
4,5,apr,thu,93.8,138.9,457.6,8.4,15.5,80.6,1.1,0.0,0.0
6,9,feb,sat,86.5,25.2,409.3,9.0,22.5,50.3,3.1,0.0,0.0
6,3,aug,wed,91.6,136.2,641.0,8.4,32.0,38.1,1.1,0.0,8.47
7,2,jun,fri,80.3,56.8,395.5,6.0,16.4,62.9,2.0,2.1,2.8
4,4,jul,fri,85.7,92.5,383.3,12.7,19.9,50.1,4.5,0.0,0.0
7,4,sep,fri,96.3,93.5,451.8,10.2,23.2,69.3,7.5,0.0,0.0
6,5,jul,sat,89.8,102.5,510.4,14.3,23.7,62.2,1.2,0.0,16.56
6,4,aug,mon,96.5,146.3,642.7,11.1,30.2,15.1,3.3,0.0,0.0
6,6,sep,sat,90.5,104.2,716.9,6.8,15.0,40.9,6.8,0.0,0.0
3,1,sep,tue,85.9,81.4,421.7,4.4,24.2,34.2,1.4,0.0,1.71
8,4,apr,thu,80.4,98.6,268.1,4.1,21.0,80.5,1.0,0.0,1.21
9,5,sep,sat,92.1,120.4,453.0,9.2,25.2,21.7,5.0,0.0,0.0
9,7,may,tue,74.0,39.9,466.2,7.0,19.3,77.1,6.7,0.0,0.0
2,2,aug,mon,91.2,126.7,608.7,10.9,32.8,33.2,7.1,0.0,5.55
4,4,jul,fri,89.5,96.2,337.4,12.4,23.9,64.4,4.2,0.0,0.0
7,4,aug,sat,89.8,104.6,569.1,8.8,26.6,10.0,1.3,0.0,2.7
8,2,jun,mon,95.2,80.0,401.6,5.6,21.9,32.3,1.9,0.0,0.0
3,9,aug,sat,86.6,132.8,577.5,14.0,29.1,35.4,8.5,0.0,0.0
3,1,jan,mon,84.9,30.2,480.0,9.0,11.9,32.8,4.7,0.0,3.52
8,1,jun,thu,93.6,127.7,267.8,12.2,16.7,36.5,2.4,0.0,3.89
1,4,dec,wed,89.4,96.0,304.6,5.0,12.1,56.1,1.5,0.0,0.0
4,4,sep,fri,94.1,102.8,630.7,15.9,18.4,43.6,4.8,0.0,0.0
4,5,jul,sat,90.5,126.3,472.7,11.3,12.4,52.7,2.1,0.0,8.72
9,7,jan,sun,76.1,85.8,439.4,4.2,13.2,84.7,4.9,0.0,0.11
9,6,oct,tue,95.3,57.2,453.6,11.0,17.7,44.1,3.5,0.0,4.65
8,6,aug,sun,96.5,86.6,746.6,16.2,29.5,57.1,2.5,0.0,2.12
4,6,aug,thu,92.9,123.2,543.7,10.4,22.5,21.0,4.3,0.0,0.0
1,3,jul,fri,89.8,105.2,655.1,8.0,24.8,46.8,1.0,0.0,4.67
9,9,jun,sat,96.5,88.1,379.2,12.9,16.6,57.8,3.7,0.0,5.68
1,7,jun,fri,93.9,53.8,520.6,11.8,16.0,57.2,4.9,0.0,0.0
1,1,aug,thu,96.5,127.0,709.6,7.6,18.6,21.6,2.2,0.0,0.0
4,6,apr,wed,86.2,18.5,309.2,7.5,15.8,50.9,1.8,0.8,0.0
9,7,aug,sun,92.0,77.7,655.8,8.2,32.2,30.0,1.8,0.0,11.01
9,6,mar,wed,80.4,68.6,338.0,9.6,5.0,65.5,7.2,0.0,0.0
2,3,jan,thu,81.5,33.0,278.9,6.8,11.7,48.5,0.6,0.0,0.47
3,4,aug,wed,83.4,93.0,595.1,7.5,28.4,33.3,2.9,0.0,0.0
5,3,sep,fri,82.7,115.5,408.4,14.9,25.7,51.9,0.7,0.0,3.79
3,1,jun,fri,81.6,95.0,488.9,7.4,20.8,75.5,3.6,0.0,0.0
2,8,sep,wed,89.9,125.7,582.6,10.9,29.8,28.8,10.0,0.0,3.4
5,6,jul,sat,90.3,69.8,523.4,10.9,18.2,34.6,4.1,0.0,5.45
1,8,jul,sat,95.0,39.0,319.5,14.3,33.7,22.6,2.8,0.0,5.03
1,1,dec,thu,84.9,57.7,260.4,10.3,23.0,60.6,11.4,0.0,0.0
3,3,may,mon,90.5,94.6,441.9,9.7,14.3,46.5,2.5,0.0,0.0
4,6,jul,tue,96.5,116.7,620.2,9.3,25.6,12.2,7.0,0.2,0.0
2,7,sep,sun,92.0,99.7,570.7,13.8,16.4,14.4,1.7,0.0,0.0
5,3,feb,wed,92.4,50.5,372.7,3.5,10.2,56.7,3.4,0.0,4.73
4,7,sep,sat,95.0,134.4,471.2,5.6,28.4,27.9,9.2,0.0,0.0
2,6,may,fri,82.5,39.6,301.7,6.2,15.4,50.7,5.9,0.0,6.92
6,8,jul,mon,94.1,80.5,548.0,10.0,27.6,39.0,11.5,0.0,19.42
9,5,sep,sat,96.5,128.9,576.4,6.2,35.7,32.2,3.3,0.0,0.0
9,6,sep,mon,85.2,121.3,441.8,7.6,29.7,37.2,5.4,0.0,3.26
1,4,sep,sat,93.5,91.0,585.0,9.6,30.1,53.4,4.9,0.0,7.92
9,3,nov,wed,86.4,130.5,376.0,10.0,18.4,15.5,3.1,0.0,5.2
6,5,dec,wed,75.0,48.2,499.3,4.4,10.9,48.8,1.8,0.0,0.0
5,4,aug,thu,96.5,92.0,520.1,11.9,32.1,37.0,4.9,0.0,4.9
4,8,feb,thu,78.8,51.5,305.0,5.9,15.2,52.0,4.0,0.0,4.71
5,8,aug,wed,96.5,112.1,379.7,12.0,20.5,58.7,1.1,0.0,0.0
4,4,apr,fri,90.9,80.5,408.8,12.0,18.8,24.7,1.8,0.0,0.0
6,8,jul,wed,93.0,83.5,543.8,10.2,25.5,45.6,3.5,0.0,0.0
2,1,sep,wed,91.2,72.7,434.6,12.7,24.7,38.7,5.0,0.0,7.09
6,6,apr,tue,94.6,76.8,216.2,5.4,21.4,55.2,2.1,0.0,0.0
4,9,jul,thu,86.6,112.3,320.4,8.5,27.1,39.9,5.2,0.0,28.65
2,4,jul,fri,95.3,47.0,727.7,12.5,19.2,51.2,1.2,0.0,0.0
7,8,jul,sun,82.5,111.4,421.8,6.7,20.9,61.3,2.1,0.0,0.15
4,3,aug,wed,95.4,140.4,743.1,5.7,14.0,38.0,4.6,0.0,0.0
5,9,feb,sat,79.8,37.4,431.5,3.4,16.1,41.5,3.4,0.0,6.81
5,9,jul,tue,86.1,126.2,434.9,6.2,19.0,26.1,2.5,0.0,0.0
2,9,jul,tue,91.9,119.7,545.6,6.6,24.0,51.6,0.9,0.0,7.23
9,8,may,mon,93.3,99.3,266.3,9.9,15.2,42.7,2.4,0.2,0.0
3,4,aug,mon,92.6,133.6,692.9,8.0,32.7,45.4,6.0,2.7,1.61
5,1,dec,wed,84.5,25.3,471.8,6.9,13.6,22.4,4.5,0.0,0.0
3,2,jun,sun,96.5,44.5,596.1,5.9,26.3,46.0,1.9,0.0,0.0
1,2,mar,wed,86.0,116.6,512.6,3.7,24.8,40.1,2.3,0.0,0.0
8,2,sep,thu,94.0,111.2,389.5,10.9,27.1,37.9,2.7,0.0,1.57
3,2,aug,sun,85.3,117.5,622.3,11.6,18.3,33.1,6.4,0.0,7.14
6,3,jun,tue,93.7,165.7,708.6,5.6,15.4,60.1,0.4,0.0,0.0
8,6,nov,fri,83.3,91.0,358.0,9.0,7.3,73.1,3.7,0.0,3.46
1,2,may,sat,89.8,88.9,406.5,11.7,12.5,35.8,7.4,0.0,0.0
1,9,dec,thu,79.6,67.8,320.9,6.1,20.6,67.2,5.1,3.6,0.0
2,7,may,mon,79.3,86.2,570.0,9.7,20.5,54.5,4.6,0.0,3.75
1,9,mar,tue,84.7,105.0,346.6,10.4,18.7,41.2,6.1,0.0,0.0
5,2,aug,wed,88.9,120.1,695.2,11.0,29.2,26.8,6.1,0.5,0.0
6,2,sep,sat,85.6,135.7,664.9,9.5,28.2,36.0,3.4,0.0,0.06
8,7,oct,wed,85.4,102.1,492.4,9.9,24.6,59.5,1.6,0.0,2.55
1,5,jun,mon,89.6,19.1,323.4,1.5,17.1,60.5,8.6,0.0,0.97
1,7,aug,fri,91.3,132.7,506.4,10.1,21.7,36.7,10.2,0.0,0.0
7,7,aug,thu,88.3,164.9,539.6,12.1,22.9,21.5,7.5,0.0,0.0
2,2,sep,fri,93.2,82.5,509.7,7.8,28.5,53.6,2.7,0.0,0.0
5,1,sep,sun,93.6,102.1,593.7,12.1,30.0,49.1,6.8,0.0,8.4
9,6,sep,fri,83.8,103.9,454.0,10.0,26.3,37.5,7.6,0.0,0.0
2,8,sep,wed,91.9,104.2,470.4,9.3,23.1,52.4,4.8,0.0,4.58
3,6,jun,wed,86.3,86.1,519.8,7.9,26.2,55.6,8.8,0.0,0.0
9,2,sep,mon,94.2,75.7,556.9,13.4,25.8,61.0,8.4,0.0,1.09
6,1,may,thu,88.5,114.9,304.8,10.8,24.6,57.9,0.8,0.0,0.0
9,8,sep,wed,95.6,78.8,578.9,4.7,29.7,42.6,4.5,0.0,3.45
3,6,aug,mon,82.4,111.2,724.7,12.5,16.6,22.8,5.6,0.0,0.0
4,7,sep,sun,88.6,138.1,525.5,11.5,28.2,50.6,2.4,0.0,10.64
8,8,jul,sat,95.5,122.7,818.9,6.2,28.8,33.4,9.6,0.0,0.0
4,5,jun,wed,81.1,130.0,525.6,11.7,21.2,66.5,7.0,2.2,1.38
4,3,aug,mon,96.5,124.8,575.2,12.7,37.1,61.5,2.2,0.0,0.0
5,2,may,wed,96.5,115.7,540.5,9.3,22.6,56.6,5.5,0.0,0.0
9,9,aug,mon,85.0,108.3,611.2,9.4,26.2,36.4,1.8,0.0,0.0
4,2,nov,tue,89.3,40.6,717.4,3.5,17.1,71.6,6.0,0.0,1.06
8,8,oct,tue,89.6,107.2,522.2,4.8,16.7,71.1,5.7,0.0,2.47
5,7,dec,wed,91.3,54.5,326.4,6.2,19.0,42.2,4.0,0.0,0.0
4,2,may,tue,87.3,94.4,504.9,5.7,13.3,41.0,2.7,0.0,0.0
8,7,jun,sat,96.5,68.8,571.0,8.8,12.4,25.5,6.0,0.0,0.0
9,7,dec,tue,96.5,94.4,407.8,7.9,14.0,49.9,1.9,0.0,0.0
1,9,aug,sun,96.5,126.2,568.5,12.1,14.3,64.8,5.7,0.0,0.0
1,1,aug,fri,85.6,139.8,348.4,13.6,23.5,38.9,1.0,0.0,1.05
5,3,aug,thu,96.5,86.9,626.5,14.7,24.0,26.9,2.1,0.0,0.0
5,4,mar,mon,82.0,48.4,439.2,10.9,13.2,33.5,5.4,0.0,0.83
1,8,jul,sun,86.6,152.7,500.3,9.6,27.4,39.6,1.9,0.0,0.0
2,2,aug,sun,93.1,146.6,521.9,11.0,20.9,26.0,1.2,0.0,0.0
9,6,aug,thu,80.7,146.4,786.7,16.7,23.1,45.4,2.3,0.0,0.0
5,8,aug,fri,96.5,124.1,515.7,7.4,31.3,32.4,5.4,2.6,0.0
8,3,nov,sun,89.6,74.8,654.0,8.9,20.5,77.2,1.2,0.0,0.0
1,9,jul,tue,88.4,80.4,527.3,10.4,22.0,27.8,0.4,0.0,19.45
9,8,jul,sat,93.9,167.3,480.3,12.2,17.8,44.5,3.2,0.0,15.97
1,3,sep,tue,90.0,127.8,417.5,12.9,28.6,47.9,1.2,0.0,0.0
5,9,may,tue,79.9,103.3,564.6,2.2,18.1,52.2,3.2,0.0,0.0
7,4,feb,thu,81.9,119.8,429.8,7.1,21.4,38.0,3.8,0.0,0.0
5,7,jun,fri,91.7,116.6,631.8,7.4,15.8,41.3,0.8,0.0,9.48
6,9,sep,fri,85.2,116.6,627.3,11.1,26.9,29.7,2.4,1.1,0.45
1,1,oct,sat,94.6,75.9,393.1,12.6,12.3,49.6,2.3,0.0,1.63
6,5,may,thu,80.8,70.6,419.3,7.8,19.2,51.2,4.6,1.0,2.89
7,3,mar,thu,80.5,102.4,358.0,7.1,20.9,70.2,5.6,0.6,1.71
4,8,aug,fri,83.9,129.6,810.6,11.1,29.6,39.8,2.5,0.0,2.03
3,7,oct,thu,85.0,133.8,364.7,7.2,25.1,68.1,8.7,0.0,3.28
4,7,sep,sat,94.7,101.6,590.6,9.4,25.9,10.0,3.4,0.0,14.88
4,1,sep,thu,95.2,88.8,652.7,15.1,20.2,57.5,6.8,0.0,0.82
3,5,nov,sun,84.5,33.7,396.7,7.6,19.9,58.4,0.5,0.0,0.0
9,9,jul,sun,87.3,119.7,482.0,9.3,28.5,64.8,2.2,0.0,0.0
3,2,feb,mon,79.7,45.6,233.5,11.1,18.2,58.2,5.4,0.0,0.02
8,7,feb,wed,84.5,58.9,324.0,7.3,14.7,35.1,1.1,0.0,0.0
7,4,jun,sat,81.6,93.3,609.4,9.4,17.0,10.0,2.5,0.0,1.23
4,2,apr,sat,81.8,90.7,335.9,6.3,24.2,37.0,9.2,0.0,0.0
4,9,jul,sat,86.0,107.1,518.4,8.4,26.3,42.2,1.2,1.6,0.0
3,9,apr,tue,74.6,141.8,376.3,7.1,27.1,51.7,0.6,0.0,0.0
4,7,apr,fri,84.3,101.8,483.2,12.3,13.8,60.0,1.8,0.0,5.58
4,6,aug,sat,85.4,85.1,673.1,12.1,30.4,34.2,7.3,0.0,0.0
9,2,dec,tue,88.9,81.7,533.5,6.5,11.0,36.7,2.8,0.0,6.41
9,2,aug,tue,93.0,138.9,571.3,7.8,35.1,64.3,1.7,0.0,2.28
4,8,aug,fri,87.7,98.6,742.4,15.3,25.6,44.6,6.9,0.0,0.12
7,7,sep,mon,96.4,118.6,644.0,7.1,25.5,34.7,3.1,0.0,0.1
3,6,jun,thu,85.8,49.6,314.1,8.3,14.2,46.8,6.3,0.0,0.0
8,6,sep,sat,85.2,75.4,686.5,11.2,30.9,43.4,1.1,0.0,0.0
4,4,aug,thu,85.9,133.5,850.3,8.0,22.3,43.0,4.4,0.0,1.55
3,7,apr,tue,81.6,108.1,432.0,7.2,21.4,84.8,3.9,0.0,0.93
1,3,jun,tue,85.9,154.9,521.8,5.7,16.6,50.2,7.9,0.0,2.21
5,8,oct,sat,90.4,55.6,250.9,12.4,15.7,59.7,3.6,0.0,0.0
9,6,aug,mon,87.1,119.9,583.6,14.2,28.2,22.9,3.2,0.0,0.0
6,4,aug,fri,89.5,102.9,508.1,8.0,22.1,10.0,9.3,0.0,2.56
2,4,apr,thu,93.0,82.6,153.5,10.0,16.1,37.4,5.4,0.0,3.67
9,2,mar,wed,77.7,83.3,5.0,5.4,21.1,52.5,8.3,0.0,6.51
5,7,jul,tue,96.5,57.6,507.9,14.0,18.2,22.5,7.4,0.0,0.0
9,1,dec,sat,93.3,12.1,454.4,5.9,16.5,44.3,0.7,0.4,0.0
2,6,apr,sun,89.0,111.3,512.0,5.6,16.1,45.6,0.8,0.0,8.95
7,9,aug,mon,92.8,135.0,667.6,13.4,26.4,36.8,2.8,2.6,0.0
3,3,jul,sun,88.9,122.3,511.0,5.6,20.7,27.1,5.9,0.0,0.0
3,9,jan,sun,89.9,55.4,448.5,1.9,17.2,52.7,12.2,0.0,0.0
5,9,dec,sun,79.7,123.1,33.1,5.9,15.1,46.7,1.3,0.0,0.0
9,2,jul,sat,84.9,117.1,363.4,8.8,25.9,40.9,3.3,1.4,1.83
3,3,aug,sun,96.5,114.6,681.2,15.3,23.2,52.9,1.2,0.0,0.0
7,1,may,thu,90.2,95.1,100.8,4.8,19.2,55.5,1.7,0.0,0.0
6,5,apr,sun,93.4,47.5,463.3,12.2,23.9,34.4,2.9,0.0,2.82
9,7,jun,fri,84.1,99.9,624.1,11.1,30.0,68.9,5.4,0.0,9.14
1,7,sep,fri,88.3,80.8,650.3,9.6,19.1,47.2,2.7,0.0,0.0
2,8,mar,wed,95.3,34.7,477.1,4.1,16.8,34.5,1.5,0.0,1.82
3,9,aug,sun,88.0,100.9,502.2,7.8,26.9,39.8,3.9,0.0,5.58
7,9,jul,mon,88.6,137.1,597.5,16.7,19.8,26.2,7.7,0.0,9.33
9,8,oct,tue,77.5,53.2,666.4,8.5,10.9,25.5,7.0,0.0,5.2
7,3,sep,fri,94.6,80.2,505.0,8.2,22.3,24.8,3.1,0.0,3.44
8,9,jan,sat,77.3,35.3,347.2,4.6,9.4,71.8,1.8,0.0,0.0
4,3,jun,thu,91.5,56.0,597.6,15.2,17.6,55.8,2.1,0.0,0.0
3,6,apr,tue,84.6,95.8,450.7,9.0,15.8,49.8,3.0,0.0,4.4
4,3,mar,sat,86.1,41.4,327.8,7.8,15.4,51.1,3.5,0.0,0.0
1,3,sep,mon,89.1,94.6,525.0,12.9,30.6,26.9,1.7,0.0,0.0
9,2,sep,sat,91.3,116.6,385.8,6.4,22.6,30.5,8.2,1.2,0.0
7,9,jul,fri,96.5,86.3,594.9,11.2,22.3,38.4,6.6,0.0,0.0
7,2,jul,tue,88.2,125.4,429.4,17.7,28.6,43.0,4.9,0.0,0.86
6,6,aug,sat,95.2,88.9,732.8,10.7,29.8,45.5,5.1,0.0,9.19
4,6,jun,sun,84.8,96.3,649.4,7.5,19.2,41.1,2.4,0.0,10.03
7,6,oct,tue,88.3,91.8,427.1,5.2,19.6,46.3,4.2,0.0,0.0
8,3,jul,wed,87.3,67.6,571.3,9.6,29.8,19.9,3.8,0.0,10.22
2,7,aug,mon,95.7,171.3,579.8,10.5,31.5,41.9,4.0,0.0,0.0
1,4,may,thu,93.3,13.0,458.6,5.1,11.5,38.7,1.5,0.0,0.0
6,6,jun,fri,81.8,74.9,438.6,8.1,23.5,64.5,3.8,0.0,0.0
9,5,may,wed,95.6,63.0,543.7,3.2,19.1,54.4,2.1,0.0,0.0
9,7,apr,mon,88.3,91.2,401.0,10.7,19.3,58.1,4.7,0.0,3.83
3,3,jun,mon,86.1,106.0,619.2,8.1,21.6,62.7,9.8,0.0,0.0
9,7,mar,sun,88.4,32.1,401.6,2.6,12.1,47.8,7.1,0.0,1.42
4,1,jun,mon,87.0,43.4,399.0,7.8,20.8,47.6,1.4,0.0,6.04
2,1,jun,fri,88.2,82.8,249.6,10.7,26.1,35.2,4.4,0.0,3.28
1,2,jul,thu,87.4,52.5,659.7,6.9,19.1,33.5,4.7,0.0,10.35
5,6,dec,thu,88.6,53.4,582.8,4.6,21.5,62.3,4.6,0.8,0.5
7,1,sep,wed,86.4,32.3,557.2,13.0,31.0,36.6,9.7,0.0,1.95
5,4,jul,tue,89.1,104.6,611.7,12.1,16.3,22.3,1.4,0.0,0.0
6,4,jun,thu,85.4,18.3,400.5,11.2,21.7,39.8,1.7,0.0,0.49
5,3,sep,wed,95.1,107.2,521.3,13.5,27.1,25.8,12.8,0.0,4.43
6,7,nov,sat,96.5,108.7,302.3,3.5,15.4,42.5,4.4,0.0,15.08
1,2,sep,tue,91.6,89.3,499.9,12.6,21.8,23.2,2.3,0.0,0.0
6,2,sep,tue,91.7,134.6,692.0,7.6,27.5,45.0,0.6,0.0,0.0
7,6,jul,thu,90.8,64.0,596.1,1.6,31.5,45.4,1.6,0.0,0.0
9,4,mar,thu,78.3,18.7,552.0,4.9,12.6,52.5,3.2,0.0,0.0
2,1,nov,tue,91.8,96.8,382.6,5.3,22.4,29.9,2.4,0.0,11.85
8,9,aug,mon,88.1,148.7,662.0,10.3,19.9,47.9,0.9,0.0,0.0
5,6,aug,mon,96.5,161.1,404.1,11.7,23.1,16.5,3.9,0.0,7.12
9,5,apr,sat,92.3,61.0,620.9,6.4,13.0,29.4,3.8,0.0,0.0
4,5,jun,sun,89.8,78.9,257.5,7.3,13.3,36.9,4.2,0.0,1.83
5,9,dec,sun,84.9,30.2,514.0,6.7,16.8,13.3,3.7,0.0,0.0
1,7,jul,fri,95.9,75.6,394.3,13.4,28.3,51.6,5.3,0.0,0.0
3,9,oct,tue,96.5,73.8,395.9,2.4,15.8,63.9,1.7,0.0,0.0
8,3,jul,wed,81.3,113.7,481.7,14.7,32.2,52.0,5.3,0.0,0.0
8,1,aug,sun,83.9,41.1,646.6,10.7,27.3,44.3,9.6,0.0,0.52
1,7,oct,sun,93.9,98.3,544.6,4.6,16.7,53.0,2.1,0.0,0.0
7,9,sep,wed,91.6,119.2,767.6,9.1,26.5,31.1,1.4,0.0,0.42
1,7,mar,thu,86.2,45.9,393.6,10.9,22.1,59.8,5.4,0.0,18.92
6,9,jun,sun,89.1,106.8,241.0,7.4,29.4,40.4,5.6,0.0,0.87
9,3,aug,sat,75.9,112.3,535.4,13.4,27.6,25.6,4.8,0.0,0.05
8,7,sep,wed,91.9,97.1,681.4,12.7,15.2,67.6,7.7,0.0,0.0
7,1,oct,sat,84.7,90.3,173.0,6.3,17.9,44.5,2.6,0.0,0.83
7,6,sep,tue,92.9,77.3,578.1,13.3,30.0,45.7,3.2,0.0,3.37
9,9,mar,sat,90.0,41.4,486.5,6.9,19.5,45.6,3.2,0.0,0.0
5,2,jun,thu,86.3,130.5,440.5,1.3,16.9,67.8,3.5,0.0,0.0
3,2,aug,fri,91.0,103.0,465.6,13.4,26.3,53.1,2.3,0.0,0.0
4,6,jun,mon,87.7,120.6,231.6,7.0,30.4,57.0,6.4,0.0,2.15
8,4,jun,mon,81.4,71.5,387.2,8.0,14.0,52.5,5.3,0.0,0.0
8,5,oct,thu,91.2,65.6,225.7,9.6,23.7,56.9,1.2,0.0,0.0
7,5,jul,wed,91.2,76.8,457.7,3.6,33.0,55.4,1.9,0.0,0.0
7,1,jul,sun,94.6,96.0,409.0,15.8,23.5,21.5,2.9,0.0,0.0
4,1,aug,mon,91.1,131.9,383.0,12.2,35.6,10.0,3.6,0.0,1.64
2,2,mar,wed,87.9,80.3,295.0,7.8,11.9,14.4,11.9,0.0,0.0
5,6,feb,sun,89.2,62.9,201.1,11.2,20.3,45.5,3.2,0.0,5.08
1,5,dec,wed,90.8,80.8,705.6,10.1,13.6,25.6,1.3,0.0,0.0
6,4,sep,wed,96.5,133.3,543.3,6.0,23.9,32.6,4.9,0.8,0.0
1,3,feb,sat,80.4,97.6,258.6,5.7,19.7,18.8,2.5,0.0,0.22
8,7,aug,thu,96.5,114.6,663.9,16.8,32.5,34.7,3.4,0.0,0.0
5,8,jun,sat,91.9,134.9,390.6,7.0,16.5,15.9,1.7,0.0,0.0
9,8,feb,sun,85.0,68.1,408.9,9.0,14.9,35.7,2.9,0.0,5.88
4,9,oct,tue,90.3,123.5,580.4,9.7,15.7,59.4,4.5,0.0,9.36
4,7,feb,fri,84.3,88.9,274.0,4.7,14.0,55.0,3.2,0.0,0.16
3,8,aug,sun,89.5,106.2,702.8,16.0,30.4,48.2,3.3,0.0,3.0
2,2,jul,wed,93.5,125.7,556.9,11.7,18.5,19.7,0.7,0.0,2.85
6,4,may,sat,80.8,96.2,561.6,3.9,16.7,68.7,2.5,0.0,0.0
7,7,aug,thu,86.5,119.6,574.3,7.8,29.1,10.0,2.8,0.0,0.0
3,9,oct,tue,78.0,27.0,553.3,5.8,21.9,48.6,3.6,0.0,12.08
9,1,may,fri,86.3,106.2,284.1,7.4,16.5,47.5,4.5,0.0,0.69
3,3,sep,wed,90.7,87.5,416.6,12.4,23.0,35.8,3.8,0.0,0.0
6,5,sep,fri,88.7,102.4,470.5,10.3,22.0,25.6,2.7,0.0,0.0
3,7,apr,thu,82.2,43.2,287.1,7.2,16.3,56.1,1.5,0.0,13.42
5,7,jul,tue,93.2,75.7,625.4,8.8,24.4,24.7,6.5,0.0,2.32
8,2,jul,wed,84.0,173.2,496.2,9.8,23.7,61.6,2.2,0.0,0.0
5,3,sep,wed,79.8,155.2,623.8,10.3,18.7,32.0,1.7,0.0,0.0
7,1,sep,fri,89.3,105.2,385.1,11.0,22.1,10.0,10.2,0.0,0.0
3,6,nov,sun,78.4,64.9,320.0,6.5,13.6,50.1,6.4,0.0,0.0
3,2,oct,tue,79.7,99.0,422.6,8.1,16.8,32.6,8.1,0.0,0.0
6,4,jul,wed,89.8,124.4,562.2,7.9,18.5,46.0,6.7,0.0,0.0
6,3,jun,tue,93.7,113.7,481.6,5.6,21.0,44.2,7.8,0.0,0.0
6,7,sep,wed,94.6,126.4,618.0,8.5,26.1,36.9,9.2,0.0,2.39
1,2,nov,wed,87.0,70.8,313.6,6.6,26.4,69.4,5.6,0.0,0.0
9,6,sep,tue,94.6,70.7,577.9,8.1,8.6,53.1,2.1,0.0,3.9
6,3,jun,mon,84.0,120.6,515.8,5.9,22.6,47.6,5.4,0.0,0.0
8,9,nov,sat,84.7,55.3,482.9,4.6,9.3,58.2,3.6,0.0,1.4
7,3,jul,fri,92.6,105.7,613.5,9.9,25.7,27.4,2.4,0.0,0.0
8,2,sep,sun,91.1,47.2,369.4,11.4,27.7,56.5,3.2,0.0,3.5
8,5,jul,thu,83.5,93.8,605.4,9.0,24.3,35.3,2.8,0.0,2.65
6,8,jun,mon,88.6,41.9,570.2,5.6,17.0,59.3,1.5,0.0,9.85
9,6,aug,fri,91.2,72.5,613.7,15.7,29.3,28.2,1.0,0.0,0.0
2,5,feb,sat,79.2,87.6,424.4,1.1,17.3,66.8,6.1,0.0,0.0
5,2,jun,fri,85.1,100.1,463.4,12.1,20.0,35.9,1.4,0.0,0.0
5,2,dec,fri,91.6,98.5,365.7,6.4,14.7,32.5,2.8,0.0,0.0
7,5,jun,tue,88.8,94.4,387.3,17.7,19.1,19.7,3.9,0.0,1.46
7,1,may,tue,86.3,68.8,406.4,10.6,23.8,33.4,3.3,0.0,0.0
2,2,sep,tue,95.7,101.0,488.9,18.2,27.8,54.0,4.3,0.0,0.0
8,7,sep,sun,96.5,54.2,563.5,12.7,28.6,26.2,2.7,0.0,0.0
3,8,jul,thu,96.5,91.5,553.6,5.9,31.6,44.6,5.1,0.0,0.0
4,3,jan,sun,91.8,67.4,436.6,6.0,13.8,50.6,6.7,0.0,4.3
1,2,aug,fri,96.5,115.2,526.9,7.6,34.0,59.0,3.7,0.0,0.0
2,9,aug,tue,89.1,112.9,487.3,14.4,26.1,30.2,1.3,0.0,4.64
6,8,aug,mon,79.5,181.3,634.8,8.2,16.6,20.7,4.6,0.0,9.52
5,6,aug,fri,92.3,137.0,521.1,10.9,22.2,37.9,14.1,0.0,0.0
4,7,sep,sat,85.7,88.1,586.5,13.5,20.2,35.8,2.8,0.0,12.08
8,1,oct,fri,82.2,65.2,685.8,10.2,25.4,52.9,2.1,0.0,0.0
8,1,sep,sun,90.5,117.0,658.2,8.8,27.0,53.2,4.8,0.0,0.0
3,7,jul,sat,96.0,137.1,276.1,9.7,23.4,47.5,0.6,0.0,0.0
2,4,oct,mon,88.5,61.4,505.3,6.4,18.8,51.2,2.3,0.0,0.0
9,7,jun,thu,88.7,66.8,556.7,13.3,16.8,45.5,1.8,0.0,12.73
6,4,aug,thu,96.5,189.7,598.0,12.5,30.3,20.1,3.7,0.0,0.0
2,7,aug,tue,91.5,176.9,585.1,9.8,39.7,34.7,3.7,0.0,0.0
7,6,nov,sun,90.7,136.5,451.3,9.6,19.4,55.0,8.5,0.0,2.34
6,8,jul,sun,92.9,75.0,619.6,6.6,23.0,13.7,2.6,0.0,3.92
1,7,apr,tue,90.5,95.0,334.6,7.7,5.2,49.2,1.6,0.0,6.9
2,7,sep,sun,94.9,141.0,501.1,12.9,21.0,28.4,2.1,0.0,0.07
3,6,mar,sun,87.3,88.7,404.2,1.0,16.4,39.1,3.3,0.0,4.83
2,1,aug,sat,87.7,138.9,557.1,16.1,26.1,10.0,1.3,0.0,0.0
4,6,aug,thu,92.3,120.5,626.2,9.7,34.3,43.2,10.5,0.0,2.32
9,3,jul,wed,76.3,98.2,697.7,7.1,24.5,30.7,1.7,0.0,9.36
1,8,jun,sat,82.8,91.9,462.9,5.3,11.9,80.7,6.0,0.0,0.81
9,5,oct,tue,74.4,72.8,119.4,12.0,14.0,56.3,3.4,0.0,0.0
2,7,sep,wed,96.5,83.4,481.2,5.6,25.3,57.7,2.7,0.0,1.29
3,8,aug,sat,95.5,91.0,535.4,9.6,24.0,11.6,5.9,0.0,0.0
5,1,jun,tue,90.6,102.5,592.9,6.0,12.1,20.6,11.8,0.0,0.0
8,4,apr,mon,96.5,62.7,469.0,2.8,9.1,60.9,7.9,0.0,0.0
3,1,mar,wed,82.9,116.8,328.8,1.6,9.4,66.8,2.2,0.0,5.83
8,4,aug,thu,91.0,89.6,697.3,18.3,12.5,33.7,2.3,0.0,16.83
1,6,sep,fri,82.6,103.4,526.8,11.8,20.3,28.5,2.7,0.0,0.0
2,8,aug,mon,96.5,71.7,516.3,5.6,27.9,20.5,3.2,0.0,0.0
9,6,jan,mon,91.8,49.9,402.2,5.9,17.2,36.6,1.4,0.0,0.0
4,6,mar,thu,76.8,139.9,512.3,5.2,22.0,56.3,5.9,0.0,13.24
2,7,oct,mon,77.5,76.8,419.4,8.4,10.6,38.6,6.2,0.0,0.0
3,1,aug,fri,86.2,116.7,773.0,9.9,24.6,58.8,1.0,0.0,12.82
2,6,sep,sun,86.2,160.5,651.1,10.2,22.0,47.5,2.1,0.0,1.18
5,4,jul,wed,96.2,90.1,630.7,2.1,31.8,64.1,6.5,0.0,2.84
3,1,jul,wed,82.5,147.4,578.9,8.8,24.2,40.3,1.4,0.0,1.83
9,2,may,sun,78.0,43.7,284.4,3.7,12.8,41.4,2.2,0.0,0.0
9,1,sep,fri,85.8,98.1,181.5,12.5,24.0,28.8,1.3,0.0,17.0
1,6,jul,tue,89.8,128.0,616.3,5.7,23.9,61.1,11.6,0.0,2.35
5,4,oct,thu,89.6,108.0,506.6,7.7,14.0,36.2,1.4,0.0,0.0
4,9,may,thu,90.2,61.5,391.1,1.8,9.6,36.4,5.4,0.0,1.25
4,1,aug,sat,77.3,81.3,674.4,4.6,32.8,27.0,4.4,0.0,8.37
6,1,nov,wed,88.1,126.0,471.1,5.4,13.4,67.1,5.2,0.0,0.0
6,8,jul,thu,87.2,52.3,378.7,9.4,27.2,51.0,3.5,0.0,0.0
1,6,nov,sun,91.6,53.6,429.9,3.6,10.2,59.0,2.8,0.0,0.0
3,5,sep,fri,96.5,133.7,521.7,11.2,32.6,42.8,1.9,0.3,2.69
8,7,oct,fri,89.0,104.4,229.7,4.1,15.4,46.5,3.3,0.0,1.16
4,9,jul,fri,90.0,124.2,517.4,5.4,33.9,32.6,8.1,0.0,5.23
9,6,oct,sun,77.9,144.8,311.6,2.1,23.2,45.3,12.7,0.0,0.0
3,7,jun,tue,80.9,90.5,678.0,11.6,16.4,30.3,0.4,0.0,9.22
2,3,jul,thu,94.0,139.8,563.4,5.4,15.6,54.2,3.9,0.0,0.0
7,5,jan,tue,87.4,57.6,452.8,7.3,17.9,49.1,5.7,0.0,0.0
1,6,aug,wed,94.0,118.5,450.0,12.8,22.3,17.2,3.1,0.0,8.9
3,1,apr,wed,92.1,83.1,276.8,7.3,17.7,88.2,1.4,0.0,0.0
5,6,aug,thu,93.6,112.9,615.7,11.0,28.6,53.6,0.4,0.0,0.0
8,6,aug,fri,96.5,103.6,508.4,10.2,32.6,22.8,6.4,0.0,8.6
1,4,jul,thu,95.4,106.2,238.4,13.3,30.2,33.3,1.8,0.0,0.0
7,3,aug,fri,92.1,135.3,606.8,7.6,37.4,18.7,3.7,0.0,0.0
5,7,nov,sat,85.6,61.9,373.1,6.9,22.2,46.2,5.3,0.0,2.63
6,8,aug,tue,88.4,123.3,506.4,13.9,25.7,37.2,7.2,0.0,3.36
7,9,apr,sat,88.6,71.0,392.2,8.3,22.2,46.0,0.5,0.0,1.62
1,4,oct,tue,86.6,90.0,416.5,6.2,19.8,61.6,2.1,0.0,0.0
4,2,oct,tue,88.8,116.0,458.6,8.8,19.3,38.3,2.4,0.2,16.87
5,8,aug,thu,91.7,70.3,538.5,13.9,20.8,34.6,0.2,0.0,0.0
1,7,dec,sun,84.2,85.0,171.0,11.8,11.1,52.8,4.3,0.0,0.0
9,3,sep,sat,84.0,158.0,447.4,18.6,13.6,42.4,6.0,0.0,0.0
5,3,jul,sat,85.2,120.9,643.6,12.9,11.3,70.1,5.8,0.0,0.0
4,5,jun,thu,88.3,95.7,681.8,6.5,22.6,32.7,3.7,0.0,0.0
4,3,jun,wed,90.6,124.8,273.5,10.9,11.0,62.2,7.2,0.0,0.09
5,3,jul,sun,93.2,117.2,839.6,3.5,17.7,56.0,1.3,0.0,0.0
7,1,mar,thu,81.7,93.8,266.2,12.0,15.5,49.1,8.0,0.0,0.0
1,3,jul,thu,83.3,139.1,532.7,10.1,18.4,50.5,2.7,0.0,0.0
6,3,sep,mon,92.4,107.2,785.1,8.8,25.3,45.4,5.2,0.0,0.0
3,1,mar,sun,87.7,77.8,387.3,8.8,15.4,53.0,2.3,0.0,0.0
9,1,jul,sun,79.1,84.8,503.0,6.5,27.6,71.4,3.2,0.0,0.0
2,1,jul,mon,86.4,138.3,526.3,9.4,25.4,51.9,2.1,0.0,0.0
5,6,dec,mon,90.4,75.0,491.7,8.0,17.2,61.3,3.5,0.0,0.0
9,3,jun,tue,89.7,61.3,563.6,7.8,25.4,30.9,4.2,0.0,0.0
6,1,jul,mon,81.0,60.2,541.4,9.8,29.0,47.4,6.0,0.0,0.0
9,6,feb,thu,80.8,20.0,375.1,8.3,15.2,60.8,3.8,0.0,0.0
3,5,aug,sat,96.5,55.4,653.6,9.1,36.8,40.1,2.0,0.0,0.0
4,1,may,wed,90.0,56.1,404.9,9.0,12.0,72.7,11.6,0.0,5.79
6,8,apr,wed,85.3,94.2,252.0,8.9,13.8,64.1,1.1,0.0,1.41
5,9,may,wed,85.4,61.1,432.8,5.1,16.5,66.8,3.6,0.0,1.42
2,7,apr,tue,88.0,43.3,358.9,6.0,22.2,42.1,3.6,0.0,0.0
7,6,sep,mon,92.6,127.7,637.4,12.6,21.4,23.0,1.8,0.0,5.4
7,8,aug,sun,91.2,155.3,522.1,12.6,31.8,27.7,6.0,0.0,0.0
8,4,dec,tue,90.0,92.9,449.1,3.5,22.2,58.9,13.6,0.0,0.27
3,4,oct,wed,86.6,99.5,357.9,9.0,12.8,31.5,3.9,0.0,0.0
7,4,aug,thu,89.2,101.3,613.8,12.3,25.2,34.8,2.7,0.0,0.0
2,3,aug,wed,91.0,174.9,539.9,12.4,23.0,46.2,3.6,0.0,3.56
6,5,jul,sun,93.1,175.1,421.7,11.4,20.3,43.5,1.2,0.0,0.0
9,4,aug,mon,96.3,109.7,586.3,11.4,23.4,31.9,1.3,0.0,0.7
9,7,jul,thu,89.5,74.9,625.2,6.2,16.0,52.4,1.6,0.0,0.0
3,2,jul,sun,86.4,57.4,525.1,13.3,17.0,18.8,6.2,0.0,3.41
4,3,jun,mon,85.2,60.0,266.5,12.2,14.6,53.5,6.0,0.0,0.0
2,1,jul,wed,87.6,111.1,580.6,10.2,23.4,10.0,2.0,0.0,0.0
5,3,sep,sat,89.3,177.2,437.3,7.4,28.1,10.0,0.9,0.0,7.2
2,8,jul,wed,96.5,72.7,444.1,12.6,30.9,46.3,7.3,0.0,0.0
8,9,jul,sun,96.5,113.7,520.0,12.1,22.1,54.4,0.5,0.0,8.9
2,2,jun,mon,86.7,97.0,785.9,10.1,11.5,23.0,2.5,0.0,0.0
2,5,sep,sun,91.8,124.0,644.8,5.1,19.1,33.7,8.5,0.0,5.25
7,1,may,sun,93.8,8.9,495.0,4.3,16.7,41.5,7.9,0.0,0.0
6,1,mar,thu,86.2,83.0,276.3,4.5,17.9,49.1,3.2,0.0,0.14
6,8,jul,wed,85.0,95.1,695.0,12.1,29.1,60.8,0.9,0.0,2.17
8,6,nov,sun,89.3,46.8,303.6,14.0,14.9,66.2,6.5,3.2,0.0
3,5,jun,sat,94.5,120.6,378.7,6.7,15.7,26.9,3.5,0.0,1.47
3,6,jul,tue,92.5,108.4,573.6,7.1,18.8,45.8,5.0,0.0,7.46
1,8,jun,wed,88.6,90.9,427.8,12.1,14.4,15.8,6.6,0.0,1.68
8,2,aug,sun,96.5,85.4,860.0,8.6,23.8,47.6,1.5,0.0,0.0
6,2,sep,sun,87.3,136.3,567.5,14.2,28.0,57.0,2.2,0.0,0.0
2,3,jul,tue,90.0,92.0,677.7,6.2,18.6,38.3,3.0,0.0,0.0
4,4,aug,sun,89.9,136.9,537.4,9.9,23.4,10.0,1.0,0.0,0.61
6,2,jun,mon,85.3,134.1,148.8,11.8,20.7,71.0,7.7,0.0,0.0
4,6,jun,fri,86.1,99.4,538.7,6.7,18.2,39.0,1.6,0.0,2.74
7,3,nov,thu,92.4,69.6,304.4,10.4,7.8,46.9,8.8,0.0,0.0
9,2,sep,sat,91.8,94.6,761.1,16.0,20.3,27.1,2.6,0.0,0.0
5,4,sep,sat,90.2,111.7,487.3,8.3,32.2,52.3,6.6,0.0,0.0
9,3,sep,sun,91.6,166.4,638.2,15.6,26.2,22.7,5.1,0.0,0.0
9,1,aug,mon,91.0,135.2,663.3,5.3,19.6,14.9,3.7,0.0,2.55
5,8,jun,wed,94.4,80.2,253.8,5.4,18.9,38.4,2.0,0.0,0.0
8,6,jul,fri,96.5,111.2,555.0,10.6,22.1,26.2,2.5,0.0,0.0
5,6,mar,wed,89.2,76.9,322.4,11.7,18.2,42.5,1.9,0.0,0.0
9,5,jun,sun,91.3,88.0,407.0,12.2,24.3,55.0,1.3,0.0,0.0
3,4,aug,sun,90.7,95.5,598.6,6.6,20.9,44.0,5.1,0.0,0.0
3,7,oct,sun,96.5,54.6,478.9,4.5,15.9,83.3,3.3,0.0,0.0
7,6,jan,wed,89.3,70.3,296.1,7.4,16.5,68.5,4.1,0.1,0.0
3,8,sep,thu,89.3,116.9,430.5,12.4,19.6,48.3,3.3,0.0,25.53
2,3,aug,tue,92.9,154.7,647.7,8.8,30.3,11.3,1.6,0.0,0.0
5,3,jul,sat,91.8,74.1,501.4,3.8,29.3,55.3,6.2,0.0,0.0
2,5,may,mon,90.7,79.0,487.5,9.4,23.5,57.1,4.9,0.0,0.0
5,4,jul,thu,85.0,96.4,554.4,8.9,24.0,57.3,2.0,0.0,0.0
9,1,sep,sat,96.5,91.3,329.2,14.2,16.8,25.1,4.1,0.0,0.0
7,8,may,wed,88.5,116.5,523.0,6.9,10.6,31.0,1.9,0.0,8.19
4,3,dec,wed,90.9,69.9,480.7,13.9,5.3,61.9,6.5,0.0,0.0
5,5,may,sun,91.9,64.8,123.8,9.9,6.4,53.1,2.5,0.0,0.0
5,1,sep,wed,96.5,146.2,562.7,9.6,25.7,10.0,3.1,0.0,0.0
1,8,aug,tue,91.2,96.0,676.0,9.8,21.6,23.1,4.9,0.0,8.7
7,5,sep,sat,89.0,58.1,562.8,9.9,26.9,32.2,0.7,0.0,0.62
7,6,aug,fri,88.4,122.7,608.1,8.1,22.0,34.6,0.5,0.0,0.0
9,3,apr,mon,89.8,53.9,346.5,8.6,9.6,23.7,1.8,0.0,0.0
7,5,aug,sun,92.3,163.7,593.5,8.7,25.6,18.4,0.6,0.0,0.0
4,5,sep,wed,92.9,153.8,450.3,9.0,26.0,54.4,8.6,1.2,2.26
5,6,oct,thu,73.4,60.8,398.2,4.9,21.1,63.0,4.3,0.0,0.0
4,7,aug,sun,92.8,151.1,698.9,11.2,35.9,29.3,4.4,0.0,5.51
6,4,jun,mon,81.3,75.6,344.8,7.4,16.3,31.9,7.4,0.0,7.48
3,3,aug,wed,91.9,102.1,798.2,10.9,28.5,44.6,8.9,3.9,1.06
9,8,aug,sat,92.0,156.1,601.1,11.2,31.4,39.9,5.9,0.0,0.0
8,3,oct,sun,92.2,87.4,546.4,8.1,16.9,22.7,2.8,0.0,0.0
4,9,jul,fri,90.2,93.7,368.4,11.1,11.5,65.1,1.6,0.0,0.0
7,2,jul,thu,96.5,160.0,420.8,11.4,16.1,10.5,0.8,0.0,0.0
4,7,sep,thu,96.5,121.6,408.8,13.0,20.2,32.0,4.1,2.5,0.0
7,2,mar,fri,80.3,5.0,524.9,2.8,6.9,43.4,3.4,0.5,1.75
6,8,sep,fri,94.8,123.3,518.0,11.8,25.0,72.4,5.9,0.0,7.12
3,9,nov,thu,88.5,57.5,401.4,6.9,19.2,35.0,5.3,0.0,0.0
9,8,jul,tue,86.3,107.7,482.6,9.4,14.8,31.2,2.2,0.0,7.43
1,6,sep,sat,89.3,109.8,583.1,16.3,32.5,32.2,4.9,0.0,1.57
5,5,sep,mon,86.3,89.4,689.6,13.4,18.7,33.0,1.6,0.0,4.68
5,3,aug,wed,90.0,171.4,476.0,10.2,20.6,45.7,4.2,0.0,0.0
3,8,apr,fri,89.0,38.6,384.3,10.3,11.2,43.7,9.4,0.0,0.0
1,1,feb,thu,82.5,62.7,471.2,2.8,22.7,61.8,9.6,0.0,0.0
5,3,jul,mon,91.1,128.1,543.5,10.0,31.2,30.3,5.5,0.0,2.18
2,5,oct,thu,85.5,84.1,402.6,13.9,15.3,49.6,4.9,3.8,0.0
9,7,may,wed,90.7,73.3,232.3,10.7,20.2,40.9,5.1,0.0,1.29
1,9,mar,sun,92.7,107.2,299.3,6.4,22.8,49.7,3.2,0.0,0.0
8,7,sep,sun,93.5,109.1,537.4,13.4,24.9,76.5,0.4,0.0,0.67
2,7,apr,tue,96.5,1.0,349.3,11.0,16.2,56.6,4.2,0.0,2.89
9,9,feb,fri,88.3,29.1,286.2,8.3,16.1,34.8,1.1,0.0,4.68
8,8,mar,fri,92.9,57.4,272.6,5.1,10.8,69.7,1.9,0.0,9.74
7,8,aug,mon,94.9,135.4,462.8,12.2,30.8,45.9,0.8,0.0,12.27
6,7,aug,sat,96.5,57.6,744.7,8.2,27.7,38.5,1.4,0.0,2.89
8,3,sep,mon,85.0,72.1,556.8,15.5,16.9,46.4,2.0,0.0,0.0
1,9,aug,mon,88.8,113.3,449.0,13.6,28.0,34.0,16.5,0.0,4.58
9,2,jun,tue,83.3,142.6,406.2,6.0,14.6,47.5,8.0,0.0,0.0
2,2,jun,sat,90.0,89.3,425.0,9.9,22.9,71.8,1.5,0.0,0.0
1,5,sep,sun,88.0,94.2,712.4,0.5,22.5,46.1,1.9,0.0,0.0
9,2,aug,sun,96.1,143.7,526.8,11.1,29.0,36.6,0.6,0.0,9.81
2,3,sep,fri,85.5,74.3,788.7,10.1,20.6,55.8,2.6,0.0,4.26
9,7,oct,thu,87.1,77.7,494.2,7.5,14.3,70.0,3.6,0.0,1.96
7,2,aug,thu,90.3,182.6,548.8,10.3,39.5,61.1,0.4,0.0,4.2
4,1,aug,sun,94.7,164.7,447.6,14.5,31.3,47.2,1.6,0.0,0.0
5,2,aug,thu,76.9,102.0,665.3,14.4,29.2,18.8,4.1,0.0,3.22
5,9,aug,sun,89.2,158.6,569.2,11.8,29.4,19.4,9.9,0.0,0.0
5,8,jun,sun,85.2,62.0,423.2,12.1,15.2,35.4,5.5,0.8,5.0
1,9,jan,fri,77.6,67.2,367.6,10.7,19.7,49.9,7.8,0.0,0.0
7,4,aug,tue,93.1,115.6,521.2,13.6,24.1,71.8,11.5,0.0,0.73
4,1,mar,wed,70.5,108.3,310.3,6.2,16.1,62.9,2.1,0.0,0.0
3,8,sep,sun,86.0,142.7,678.7,10.0,24.1,38.0,3.3,0.0,4.97
9,8,jul,fri,94.6,126.6,418.5,7.2,32.7,63.5,1.8,0.0,3.3
3,5,jun,mon,82.5,91.1,464.6,8.6,19.0,48.5,5.4,0.0,8.28
4,4,nov,mon,96.5,138.2,424.3,7.1,19.4,46.2,7.6,0.0,11.42
4,1,sep,thu,96.5,135.5,440.8,8.8,24.3,12.3,3.4,0.0,0.0
1,9,jul,wed,90.1,119.2,603.0,5.6,18.2,43.1,6.0,0.0,0.0
6,1,dec,wed,91.7,45.8,415.9,11.8,8.7,29.0,3.5,0.0,0.0
9,9,sep,wed,96.5,99.7,613.8,11.5,28.4,43.9,6.2,0.0,0.0
7,3,oct,mon,91.5,146.5,319.7,8.0,27.2,52.7,4.9,0.0,6.01
4,1,oct,fri,91.6,116.3,359.0,7.5,25.9,58.6,8.9,0.0,6.11
7,9,mar,sat,80.5,66.5,306.9,7.6,16.9,73.5,3.5,0.0,0.0
1,1,sep,thu,92.9,58.5,646.9,10.3,21.5,37.1,1.4,0.0,0.0
9,5,aug,mon,91.9,172.0,680.6,10.3,23.6,36.4,4.3,0.0,0.0
7,4,jul,sun,93.4,91.0,484.7,11.6,22.1,40.5,2.9,0.0,0.0
9,5,jul,fri,79.5,134.8,641.0,12.1,24.4,31.3,0.4,0.0,0.0
1,7,sep,sat,90.4,89.6,682.3,13.8,21.9,51.1,0.6,0.0,0.0
6,7,jan,wed,92.0,77.9,495.9,2.7,15.2,10.0,0.9,0.0,0.0
